{
  "model_name": "M_SNDA_EFFFAIL_POOLED_TSCV",
  "model_version": "M_SNDA_EFFFAIL_POOLED_TSCV_v1_2026-06-01",
  "calibrated": false,
  "note": "Rank/percentile-only. Full-fit standardized ridge-logistic. Raw sigmoid output is NOT a calibrated probability (cal slope 0.18). Use percentile against snda_oof_reference.csv.",
  "features": [
    "priority",
    "is_bla",
    "months_since_orig_approval_log",
    "n_prior_sponsor_events_log",
    "sponsor_prior_crl_rate",
    "sponsor_has_prior_crl",
    "n_prior_drug_supplements_log",
    "appl_has_prior_crl",
    "act_new_indication",
    "act_new_dosing",
    "act_confirmatory",
    "act_accel_app",
    "act_new_patient_population"
  ],
  "intercept": -3.5091076224135427,
  "coefficients": {
    "priority": -2.614534102784735,
    "is_bla": -0.009093257549868724,
    "months_since_orig_approval_log": -0.2569330281697795,
    "n_prior_sponsor_events_log": 0.1667282181834793,
    "sponsor_prior_crl_rate": 0.25088095499934254,
    "sponsor_has_prior_crl": 0.5300157190813074,
    "n_prior_drug_supplements_log": 0.1862680649013879,
    "appl_has_prior_crl": 0.023831779985319074,
    "act_new_indication": -2.834375236643969,
    "act_new_dosing": -0.4999727793718365,
    "act_confirmatory": -0.0654796082017991,
    "act_accel_app": -0.9444107292836086,
    "act_new_patient_population": -0.37363922518255616
  },
  "standardize_mu": {
    "priority": 0.3378590078328982,
    "is_bla": 0.35404699738903395,
    "months_since_orig_approval_log": 4.154918337714285,
    "n_prior_sponsor_events_log": 2.0695469710668024,
    "sponsor_prior_crl_rate": 0.09278069259515193,
    "sponsor_has_prior_crl": 0.06005221932114883,
    "n_prior_drug_supplements_log": 0.866426199024737,
    "appl_has_prior_crl": 0.009921671018276762,
    "act_new_indication": 0.33368146214099215,
    "act_new_dosing": 0.08198433420365535,
    "act_confirmatory": 0.0020887728459530026,
    "act_accel_app": 0.029242819843342035,
    "act_new_patient_population": 0.17389033942558746
  },
  "standardize_sd": {
    "priority": 0.47298023072753037,
    "is_bla": 0.4782235053077623,
    "months_since_orig_approval_log": 0.852513204749257,
    "n_prior_sponsor_events_log": 1.3826119685692968,
    "sponsor_prior_crl_rate": 0.0864434959127667,
    "sponsor_has_prior_crl": 0.23758356482668044,
    "n_prior_drug_supplements_log": 1.027317558630961,
    "appl_has_prior_crl": 0.0991122165148265,
    "act_new_indication": 0.47152745833561144,
    "act_new_dosing": 0.2743408521325956,
    "act_confirmatory": 0.045655337847299006,
    "act_accel_app": 0.16848643070274794,
    "act_new_patient_population": 0.3790151570584499
  },
  "headline_oof_auc": 0.7251880787037037
}
